problem,runs,mean,std
continuous:sphere,100,0.023601080000,0.005546377850
continuous:rastrigin,100,182.358496680000,29.870538197319
continuous:rosenbrock,100,79.203926620000,53.410367961580